-0.7762856068420123,0.890339125857366,-0.9943367048578767,-1.0,0.8907136151182758,0.4629862541817098,-0.9048229916360866
-0.9412255727602042,1.0,-0.9619198147237719,-0.90779497916079,0.8056708046837235,-0.9709330132539812,-0.8385116988972596
-0.9184875638769074,0.8663416057994675,-0.9403879345557051,-0.9777241601861371,1.0,-0.913666431558383,-0.9786679807322579
-1.0,1.0,-1.0,-1.0,0.9369072355379736,-0.9795221351909087,-1.0
-0.9416336907557868,0.917271552896273,-1.0,-1.0,0.8814505860473358,-1.0,-0.9549305594969443
-1.0,0.849666825300894,-0.9844901840026119,-0.9703365182872301,1.0,-1.0,-1.0
-0.988283302470597,1.0,-0.8700016753769082,-0.971583466848672,0.9076260470776465,-1.0,-0.981494379563735
-1.0,0.9582539344629288,-0.9573885972732716,-1.0,1.0,-1.0,-0.9960472650770298
-1.0,0.9977494005562232,-1.0,-1.0,0.9384045722688529,-1.0,-1.0
-1.0,1.0,-0.9020876777180453,-1.0,1.0,-1.0,-0.9631922458638352
-0.8834266024108429,0.9762634792204663,-0.981923298045622,-0.9776943123427311,1.0,-0.8827283298290511,-1.0
-1.0,0.953302065455932,-1.0,-1.0,0.9183147279684474,-0.9991045071150573,-1.0
-0.9359719027460845,1.0,-1.0,-0.9321220317783288,0.9745440352848279,-0.8241753329463812,-0.992918534082318
-0.9686023629399951,0.867511975369386,-1.0,-0.9156248625875981,1.0,-0.8340972862756126,-0.994487246476395
-1.0,1.0,-0.9937648435786401,-0.8531395608085318,0.9870095943044611,-1.0,-1.0
-0.9904958797289919,1.0,-0.9803603301620356,-1.0,0.9364780114349017,-0.9135711512107999,-1.0
-0.9832173379828647,1.0,-0.9498045622420058,-0.9751414037965286,1.0,-1.0,-0.7881998418086893
0.9310871732381407,0.9905829789385824,1.0,-0.8343163127005951,0.9979601155110526,-1.0,-1.0
-1.0,0.9061779726270551,-1.0,-0.924000830052752,0.992467262790444,-0.9915040036562741,-1.0
-0.9497889480986302,0.9543424452984766,-1.0,-1.0,0.938523028634923,-1.0,-0.9166970469315966
-0.9285516563945005,0.8901466824188163,-0.8680108745475394,-1.0,0.9898885894786043,-0.9322496438986104,-0.9514420564752396
-0.9413577525683592,1.0,-0.9306192244101739,-0.9402249349103161,0.8876777293447329,-1.0,-0.9415339338435196
-0.8721892782722854,0.976106325582609,-1.0,-1.0,0.9545028277337964,-0.9287126947963044,-0.942384361984226
-1.0,0.9548890979389443,-1.0,-1.0,1.0,-0.9717018466455427,-1.0
-1.0,1.0,-0.956811159090965,-1.0,0.9851155798728732,-0.9849189508883875,-0.9414307682996798
-1.0,1.0,-0.8686957818161454,-1.0,1.0,-0.9501142990818088,-0.8932529035629353
-0.9969711139352072,1.0,-0.9972807257908387,-0.9999529830489945,0.9656727855728893,-1.0,-0.9584066118526056
-0.8030856256411221,0.9412646580426894,-1.0,-0.9989220559246995,0.8870879627845201,-1.0,-0.9622082099891822
-0.9294197025546027,0.9616043792982166,-1.0,-0.983409007595355,1.0,-1.0,-1.0
-0.9010499820728143,1.0,-0.9254296617275573,-0.987383483328662,0.9499448428249063,-0.9774101464081575,-0.8569001511026265
-0.9479576578018545,0.9742456032433202,-0.9784656993627574,-1.0,0.9340623204197827,-1.0,-1.0
-0.8840497936651068,1.0,-1.0,-0.8721860568616873,1.0,-1.0,-1.0
-1.0,0.9937765526195741,-0.9807518897200097,-0.9528311131873766,0.9565631077513806,-1.0,-1.0
-0.9611299384632931,0.8463306313392893,-1.0,-0.9058180022570568,1.0,-1.0,-1.0
-1.0,1.0,-1.0,-0.9386196936957116,0.9944891375892506,-1.0,-1.0
-0.9518422573281679,0.9504251340872348,-1.0,-0.9900505795322714,0.9608306368160663,-0.9594924208141412,-1.0
-0.9679626459212165,1.0,-1.0,-0.9306390642383074,0.9647550442052094,-0.961879050550866,-1.0
-0.9958228912068755,0.9407885291839073,-0.9194535201911512,-1.0,0.9626165930569875,-1.0,-0.9317025462709967
-0.9843717448915386,1.0,-0.9059480802969575,-0.9837172586295017,0.9428938994682314,-1.0,-1.0
-0.9490356745166628,0.998404688118402,-1.0,-0.9912914159413071,1.0,-0.9852037106848909,-0.8947665766156758
-0.9691185554208235,0.9899643979543855,-0.8896969040254092,-0.9285375848032886,0.9096414217292992,-0.903155299693647,-1.0
-0.9489349866416744,0.92033778956331,-1.0,-0.9691915096399223,0.9215810181090741,-0.9888770516572116,-1.0
-0.8935486393594788,0.9074936985069084,-1.0,-1.0,0.9136026158550892,-1.0,-0.9676229619744453
-1.0,1.0,-0.9906751104777428,-0.9185757040582275,0.9984474364983756,-1.0,-1.0
-0.9341205783944645,0.9353618896734651,-1.0,-1.0,0.869810465995102,-0.9037036143801929,-0.939067819961403
-0.9970435555239878,0.9214326595079629,-1.0,-0.944591700290055,1.0,-1.0,-0.9360267458651349
-0.9570552191802818,1.0,-1.0,-0.9638751108590873,0.9826214342811843,-1.0,-0.9682445803657569
-0.9814280524967222,1.0,-1.0,-0.9863278493589235,1.0,-0.9874337322859069,-1.0
-1.0,1.0,-0.9799236405855543,-1.0,0.9963482806022018,-1.0,-1.0
-0.9285646433734148,0.9188772089472269,-0.9357936092466345,-0.9614458210476322,0.976128927282665,-1.0,-0.9638339840851543
-0.8825948072062306,1.0,-1.0,-0.9850764558605741,0.9087022491385768,-1.0,-1.0
-0.8773280122689796,0.889534608726716,-0.9256158986277945,-0.8818804052929403,0.9453186790024403,-1.0,-0.9660865725769655
-0.8572487958220539,1.0,-1.0,-0.8922171122468329,0.9687120397441815,-0.994957059651567,-1.0
-1.0,1.0,-1.0,-0.797008495605876,1.0,-0.989396700248491,-1.0
-1.0,0.9154327954319578,-1.0,-1.0,1.0,-1.0,-1.0
-1.0,0.9007760303133097,-1.0,-0.8742504050110963,1.0,-0.9200478357368167,-1.0
-1.0,1.0,-1.0,-1.0,1.0,-1.0,-0.8697988936510505
-0.971996599127186,0.8934790112990885,-1.0,-1.0,0.9037358181617827,-1.0,-0.9470799712566734
-0.8929207671577568,1.0,-0.9518265515392482,-1.0,1.0,-0.9638108810083237,-0.9030929032068586
-1.0,1.0,-0.9789806733055998,-0.9808099097181819,0.990304021417711,-1.0,-0.9170481199719527
-0.9340538447366646,1.0,-1.0,-0.9093816289478684,1.0,-0.9791022266225298,-0.9777242691022812
-1.0,1.0,-0.8622317737512564,-1.0,1.0,-0.8148782417270316,-1.0
-1.0,1.0,-0.8574725453106531,-1.0,0.9168155862104826,-1.0,-0.995914516429878
-0.9560619635332788,0.9516092737628443,-0.9898592306399887,-0.9679979971291791,1.0,-1.0,-1.0
-0.8770919642712431,0.9321231662874192,-1.0,-0.924551713616081,0.9640683001820206,-1.0,-1.0
-0.986658421163115,1.0,-1.0,-0.9659572284761999,0.943265894913105,-1.0,-0.9736058386040581
-1.0,0.93539942487142,-0.8511769933790341,-0.9173393313221885,1.0,-0.9375412036824906,-1.0
-1.0,1.0,-0.9846561662064242,-0.9435109191970407,0.9747148733729978,-0.8599824609796667,-0.7987907253238901
-1.0,1.0,-0.8781934528918456,-1.0,0.9540143990551225,-1.0,-0.9421011141097038
-1.0,1.0,-0.9197310036009572,-1.0,0.9649360033416755,-1.0,-1.0
-0.9022049934095149,0.9814103015508882,-0.9825877681978484,-0.9593366542773532,1.0,-0.9250336329328301,-0.9743080785270414
-0.9767464767196491,0.8250479374182377,-1.0,-1.0,1.0,-1.0,-0.9176886464161293
-1.0,1.0,-1.0,-1.0,0.8998807383044077,-0.9993372788128717,-1.0
-0.9406994223329421,0.9878807797964928,-1.0,-0.950045864219604,0.9976056676342474,-1.0,-1.0
-0.9818516339444082,1.0,-0.9249467835127381,-1.0,0.9870969646717223,-0.8799859655464298,-0.9051597555723478
-0.9380355212782363,1.0,-0.9852434840934534,-0.9817434856530775,0.9714300211531267,-1.0,-1.0
-0.9621166617771632,0.9947007519759109,1.0,-1.0,0.9286711885251457,-0.967811836013551,-0.8961861035114349
-0.9672272370909645,0.896103461900275,-1.0,-0.880378026145669,0.940109112736599,-0.9609416754745851,-1.0
-0.9943994623191631,0.9232575588637109,-0.9180650590720237,-0.918629246960388,0.8790634973697988,-1.0,-1.0
-0.8369182453553601,0.9870139712667828,-0.9169838734825431,-0.9359767865751761,0.9656676925154244,-0.9096680321302408,-1.0
-0.9614322235808626,0.967435469200054,-0.9248805233274456,-0.9828851408340491,0.9553259668281741,-0.9524093411679225,-1.0
-0.985508992273109,0.9554974616552018,-0.9092361584962706,-1.0,1.0,-0.9885990186035918,-0.8466597842215113
-1.0,1.0,-1.0,-1.0,1.0,-1.0,-1.0
-0.9924362129233117,0.9775803415186645,-0.8976074084503002,-1.0,1.0,-0.9795706965742759,-1.0
-0.9690073905442889,0.9709435907724387,-0.9468766725135802,-1.0,0.9612611906531423,-1.0,-0.9775282744863358
-0.9542273263778048,1.0,-1.0,-0.9691978866212011,1.0,-1.0,-1.0
-1.0,1.0,-1.0,-0.98921263949223,0.9847527877267919,-1.0,-1.0
-0.9662717113066761,1.0,-1.0,-0.9133799015918144,0.8628026574756774,-0.985785493784106,-1.0
-0.9805947455863968,1.0,-0.9309256938014627,-0.9743080799251278,1.0,-0.9679185618917432,-0.9582444352552508
-1.0,0.9562705158255187,-1.0,-1.0,0.8773423912308429,-0.9834117816369073,-0.9175524601963765
-1.0,0.984462330430991,-0.9926102167165085,-0.9926833125655409,0.9972756588354847,-0.9486847578814541,-0.9916806715993796
-0.9955387770115052,1.0,-1.0,-0.9478881701145021,0.9426102161369142,-0.9135330403937493,-0.9487762173616063
-0.9893127261253204,0.9186810458410095,-0.9989602484561504,-0.9110758596629289,0.98799637596164,-0.9125682810092787,-0.9866684364012372
-0.9576110846858035,0.9745435743871618,-0.9835554058049176,-1.0,0.9523098148674465,-1.0,-0.9334475040373515
-0.9758365626424137,1.0,-1.0,-1.0,1.0,-1.0,-1.0
-1.0,1.0,-0.9833111148372214,-0.9995730829499967,0.9459300395464748,-1.0,-1.0
-0.9645244149871959,1.0,-0.989457192343873,-0.9985501465826048,0.956156721828836,-0.9808013529216403,-0.9401587037893114
-1.0,1.0,-1.0,-0.8544374660618846,0.9735523036110417,-1.0,-0.9535767015769318
-1.0,1.0,-0.9582777793205095,-1.0,0.939928818856207,-0.9822464745623443,-1.0
-1.0,0.9468399865432846,-0.9682696594690062,-1.0,1.0,-1.0,-1.0
-0.9190708172035478,0.9272589758523022,-0.9203718495270379,-0.9454599493983579,1.0,-0.9879591577737179,-0.9197374280012804
-0.9358316283704299,1.0,-1.0,-1.0,1.0,-1.0,-1.0
-0.9908737651829528,1.0,-0.8309819233512467,-1.0,1.0,-0.8842716499498923,-0.959506261120377
-0.925399040938379,0.937865325572496,-1.0,-0.9104271889082555,1.0,-1.0,-0.9558260846130987
-1.0,1.0,-0.9300727358753358,-0.9329370506713972,0.9908649290746712,-0.8112793341289586,-1.0
-0.9967593566211697,1.0,-1.0,-0.8787376023372369,1.0,-1.0,-1.0
-1.0,0.9650616429942913,-1.0,-0.9986956803569743,0.9170208918167964,-1.0,-0.9575601464349717
-1.0,1.0,-0.9681515656886364,-0.9888734296221758,1.0,-0.9316892925128973,-0.8551279777677472
-0.8969131529677418,1.0,-1.0,-0.9304108151086014,1.0,-1.0,-0.9814564918178981
-0.971512372554461,0.9662957374081128,-0.9942447098973887,-0.9956481843367522,0.9080859219512872,-0.8924357154099808,-0.9583996813523863
-1.0,1.0,-0.9074769777346612,-0.9530185041368895,1.0,-0.8378211839811441,-0.9624016769358094
-0.9643840288653045,0.9048595881507806,-0.9918766024046215,-1.0,1.0,-1.0,-1.0
-0.9451166070769466,1.0,-0.9136432406478902,-0.8775550724238278,1.0,-0.8434660867924212,-0.961998915332864
-1.0,0.9314848825195406,-1.0,-1.0,0.8833212497424279,-0.9586414122858365,-0.8874866634642052
-0.9029359860823778,0.9321016015486285,-0.8543694383395991,-0.9148587561329486,0.9718355332552441,-0.8225755110605815,-0.8129062196149043
-1.0,0.942325760930532,-1.0,-0.93799075927407,1.0,-0.9665771483138121,-0.9956840066183549
-0.9610448531192298,0.9768102750270984,-0.7974614978563638,-1.0,1.0,-0.9063678495756106,-0.9245012843107835
-0.9809333125024894,1.0,-0.9205220194302385,-0.9345488058748602,0.9807664565484836,-1.0,-0.9352257448608808
-1.0,0.971576408169987,-0.9134348976534893,-1.0,1.0,-1.0,-1.0
-0.9927894977553909,1.0,-0.944057770438057,-0.9558258102105927,0.9116813891549853,-1.0,-1.0
-1.0,1.0,-0.9634170501648237,-0.8880797713404593,0.9374630217123177,-0.9782143409235533,-0.9538058654839184
-0.8750476444111495,0.9338549110756171,-0.9280967179641747,-1.0,0.9824947040208355,-0.8843788187331567,-1.0
-1.0,1.0,-0.8903115434258112,-1.0,1.0,-0.929260793552731,-0.9291611051406921
-0.9781133074745917,1.0,-0.9811966233859775,-1.0,1.0,-0.9681204995845777,-0.9594550795875425
-1.0,1.0,-0.8987491540820377,-0.9373974254095605,1.0,-0.9231067199359718,-0.8869359574368199
-0.9680602653119347,0.8967624212760639,-0.8329726854321193,-0.8711850889672673,0.9080558439719044,-0.9622355192085802,-1.0
-0.8011448669220127,0.8981696564184853,-0.9272793666585739,-1.0,1.0,-0.955923553558305,-1.0
-0.9695231897241453,0.9673881161019307,-1.0,-1.0,0.999111642835074,-0.9259185009886886,-1.0
-1.0,1.0,-1.0,-0.8080194035376858,0.9225695878688633,-0.9978538386699176,-1.0
-0.9161812293106432,0.9133298694374625,-1.0,-1.0,1.0,-1.0,-1.0
-1.0,0.8668701144846516,-0.9217184521581439,-1.0,0.9604773296262618,-1.0,-0.9965773925901824
-1.0,0.8860619609047027,-0.9474424887457151,-0.9565350149796009,1.0,-0.9329452174874775,-1.0
-1.0,1.0,-0.8956854218344453,-1.0,1.0,-1.0,-0.9255386989557168
-0.9300272997621708,1.0,-0.9936741510314745,-0.9411442642086735,0.9031471200918451,-1.0,-0.953965675122559
-1.0,0.7890147554434119,-0.9380754692140855,-1.0,0.9907274416488158,-0.9605629386329994,-0.9493202472405468
-1.0,0.8822822789582694,-1.0,-0.9276271524330666,1.0,-0.9940390214409562,-0.977955508765053
-1.0,1.0,-1.0,-0.9864594009224759,0.97822225752815,-1.0,-0.9596934661342632
-1.0,1.0,-1.0,-0.9558101542829003,0.8882628603784892,-0.9991299224797859,-0.9940295686072953
-0.9116768770992275,0.9660656076840894,-1.0,-1.0,0.9902886540040136,-1.0,-1.0
-1.0,1.0,-1.0,-0.9110709435085896,0.978083258401041,-0.9236406805511472,-0.9665302991040488
-1.0,0.9800327203273742,-1.0,-0.995250018123181,0.9348159685052203,-0.9602825855148327,-0.8933291985124491
-1.0,0.9595795402890234,-0.9384940111229285,-0.9927143563648411,0.8969515697911035,-1.0,-0.9598812221119278
-1.0,0.9528508023226641,-0.9594489378167111,-1.0,0.943752070008865,-1.0,-0.9875896235024522
-1.0,0.8838894504350204,-1.0,-1.0,1.0,-0.9137928032781911,-0.9000695169092108
-0.8600146211938585,0.9132806703776182,-0.9902718293385372,-1.0,1.0,-0.9609769204143285,-0.9787740680328707
-0.9806095564811619,0.8752834587077223,-1.0,-1.0,0.9722823931796584,-0.9550887482156337,-0.9728026817026588
-1.0,1.0,-0.9240269995956081,-0.9309716849492488,0.9670183261341022,-0.9494326330025793,-1.0
-1.0,1.0,-0.9204647119997704,-1.0,1.0,-0.9895739169634264,-0.9397987509850391
-1.0,1.0,-1.0,-1.0,1.0,-0.9682788036296661,-1.0
-0.9756600605943707,0.8753032842969509,-0.919046953527583,-0.9984794070960828,0.9783615159177512,-1.0,-0.988607207584775
-0.9160827511435501,0.8247060905305226,-1.0,-0.9578105917331728,1.0,-1.0,-1.0
-1.0,0.9403599895241047,-1.0,-1.0,1.0,-0.9982072246108978,-1.0
-0.9679816703867924,0.9339177100910071,-0.7514838987818809,-0.9188480246234235,0.907734167396766,-1.0,-1.0
-1.0,1.0,-1.0,-0.9607686673170525,0.9699910246652632,-0.9660071118608978,-0.9828853801116968
-0.8437086193133793,0.970820206373543,-1.0,-0.8856816944632048,0.9797138827415268,-0.9305748030995008,-1.0
-1.0,0.9725321736855316,-1.0,-0.9991693065324031,0.9017405727014878,-0.8348442756080928,-1.0
-1.0,0.8659261390970642,-1.0,-0.8283746268855454,1.0,-0.9693520336380731,-1.0
-0.9363091507533488,1.0,-0.9893277410716181,-0.9317367212880776,0.8513074640377987,-0.9905390104727725,-1.0
-1.0,1.0,-0.8747209673490679,-1.0,0.9442361069302234,-1.0,-0.9051637532509499
-1.0,1.0,-0.8977516335214311,-0.8868837053203078,1.0,-0.8576498119986873,-1.0
-1.0,1.0,-0.9853935149729427,-1.0,1.0,-0.9292268192863293,-0.9685934573180596
-1.0,0.995595504949127,-0.9695227105742388,-0.9173831892291762,0.9903969769737073,-1.0,-0.9384634754812342
-1.0,0.9585223003631439,-1.0,-1.0,0.970600691256182,-0.9934463787335731,-0.9027192206644241
-1.0,0.9651035997600051,-0.9395215976456595,-1.0,0.9695584545609381,-0.9857080002758077,-0.911987880903979
-1.0,1.0,-1.0,-1.0,1.0,-1.0,-0.8688045098362176
-1.0,0.9724641347764033,-0.926416278347574,-0.9889825308017125,0.9721760625831121,-0.8996034817586146,-1.0
-1.0,0.9467766598289648,-0.9084189652421295,-0.9772093690963952,0.9141267103211703,-0.8427866527746999,-1.0
-1.0,0.9960484210786555,-0.9459570729086242,-0.9853114610042282,1.0,-0.9173475342479718,-1.0
-1.0,1.0,-0.9207882542951562,-0.9785080319160165,0.9197541647058975,-0.8720545237330066,-1.0
-0.8514467104172778,1.0,-1.0,-0.9510699054770048,1.0,-1.0,-1.0
-1.0,0.9201534918487969,-1.0,-0.7492421943236359,0.9914716028333804,-0.8664862402564598,-0.8935737165477868
-0.9422473009695462,0.938049115313717,-1.0,-1.0,1.0,-0.9127193019330955,-1.0
-0.8438953414198082,1.0,-0.8934192382054428,-0.8721093101318946,0.9664955662904574,-1.0,-0.8192026324974384
-1.0,0.9926340899172721,-1.0,-0.9615544737372508,1.0,-0.9535597376701559,-0.9596532349126597
-0.8838741844316023,0.9808883366647165,-1.0,-0.9611574570599323,1.0,-0.99681398535912,-1.0
-0.9398581244605367,0.9796518279990594,-0.9647539028133134,-1.0,1.0,-1.0,-1.0
-0.9786056428381091,1.0,-0.9402725367669545,-0.8792175419808089,0.8886074308893925,-1.0,-1.0
-1.0,1.0,-1.0,-1.0,1.0,-1.0,-0.826599991694624
-1.0,1.0,-1.0,-1.0,1.0,-0.9191484146897632,-1.0
-1.0,0.9573263885786023,-1.0,-0.9336210807057672,0.9711894812751413,-0.9451943686338341,-0.9315423554816723
-0.9585208321517238,0.987501649364419,-1.0,-1.0,0.9776803443767192,-0.9856859058825446,-0.8838945298678342
-1.0,1.0,-0.9097310242354973,-0.9696190412111548,0.9771922689348153,-1.0,-0.869017322520744
-1.0,0.9836869625138405,-1.0,-0.9611401066245511,1.0,-1.0,-0.8577897832700216
-1.0,0.9341313464305464,-1.0,-1.0,0.8912246740253877,-0.9993777745535918,-0.8561139493287839
-1.0,0.9744943703354857,-1.0,-1.0,0.9487227143934268,-0.9556092460105815,-1.0
-0.9604702487120624,1.0,-1.0,-0.95916302881661,0.9674483250129072,-1.0,-0.8994256484350116
-0.9910679942890315,0.9514455525175406,-0.9162284717186999,-0.8957353411664121,1.0,-1.0,-0.974535542167103
-1.0,0.9784182761494388,-0.89697054559004,-0.9702681376582484,1.0,-0.9807129875410648,-1.0
-1.0,1.0,-0.9582077140697344,-0.9250930700106104,0.9902879921635115,-0.9544231410798854,-0.990441857121667
-1.0,1.0,-0.9349742124362029,-0.8678346928684065,0.9258028123806673,-0.938493067330824,-1.0
-0.9776914928612064,1.0,-0.998331935515989,-1.0,0.8526379244441595,-0.9131043199877499,-1.0
-1.0,0.990151183835688,-1.0,-1.0,0.9903104316023207,-1.0,-0.9564263235407933
-0.9821959939129861,1.0,-1.0,-1.0,0.9412767480170832,-0.9341245426087682,-0.9631856061926937
-1.0,0.9270793342632279,-0.9639876306788931,-0.8532877847857799,0.876162889045994,-1.0,-0.9633130106533666
-1.0,1.0,-1.0,-0.8970248068419482,1.0,-0.9756314179251717,-1.0
-1.0,0.9507176437590933,-1.0,-0.9561717867058371,1.0,-0.9926413558467985,-1.0
-1.0,1.0,-1.0,-0.9498710246288391,0.9695820665806595,-0.933205911607854,-1.0
-0.9564485130850147,1.0,-1.0,-1.0,0.964456982618924,-1.0,-0.9863683088415883
-0.9629952075405264,1.0,-0.9272195320133014,-0.9528625162369503,0.9283466204332128,-0.9663687845647038,-0.9857840509400079
-0.9474739364713413,1.0,-0.9523591747124117,-1.0,1.0,-0.9246217086823317,-1.0
-1.0,0.9438165611756878,-1.0,-1.0,0.9901195568553341,-0.9211916277444496,-1.0
-1.0,1.0,-1.0,-1.0,1.0,-0.9683687137701968,-1.0
-0.8334415054583708,0.9844961433703763,-1.0,-1.0,1.0,-1.0,-1.0
-1.0,1.0,-0.9057865151467658,-0.9136005518095578,1.0,-0.8109378939327827,-1.0
-0.9115406119289968,0.8523607038292637,-1.0,-0.8810389320939495,0.92755263436322,-0.960919939286043,-1.0
-0.9573583328464327,1.0,-1.0,-1.0,1.0,-0.9815113967880639,-1.0
-0.8761515634399253,0.9635946480055246,-1.0,-0.9882589124866822,1.0,-0.7631641481734058,-1.0
-1.0,1.0,-1.0,-1.0,0.9159564606724147,-1.0,-0.9632033533921863
-0.9243419838743139,1.0,-0.8507910055753484,-0.9482690190029668,1.0,-1.0,-0.9903778060893846
-0.9459388871987767,1.0,-0.9898152845692529,-0.8366222545984823,0.9534018033699452,-1.0,-0.7640929454360565
-0.8707169481055796,0.9493734665926095,-1.0,-0.9080880322721431,0.9188632232044863,-1.0,-1.0
-1.0,0.9243566406624408,-0.9517621468604883,-0.8777387706401949,1.0,-1.0,-0.9457967409345328
-1.0,0.8464783388270121,-0.7959865044966022,-1.0,0.891265294796104,-1.0,-1.0
-1.0,1.0,-1.0,-0.9081318099779784,1.0,-1.0,-1.0
-0.8199414276417307,1.0,-0.9736346104480981,-0.9920058878490806,0.9498964089237424,-0.9345812032545706,-1.0
-1.0,0.9681992812441019,-0.8901927596467304,-1.0,0.9791661378811983,-0.9721927739763875,-1.0
-0.9662713445896024,0.9925805922039256,-0.9618131919505237,-1.0,1.0,-0.9312795381210687,-0.9118170065187401
-1.0,0.9883573334443326,-1.0,-0.9629469330912965,1.0,-1.0,-1.0
-1.0,1.0,-0.8420291972539006,-1.0,1.0,-0.9290715050962286,-1.0
-0.920987254505752,0.840909306405269,-1.0,-1.0,1.0,-1.0,-0.9984273353270454
-1.0,0.7585580025671826,-1.0,-0.9170937950064846,0.9509816668159736,-0.9261449897519695,-1.0
-0.9681888332434074,0.9406650956130496,-0.8723599524543394,-1.0,1.0,-0.9505795736334669,-1.0
-0.9402543755617567,0.9588530672479051,-1.0,-0.9871817405138833,1.0,-1.0,-1.0
-0.9655063389439774,1.0,-1.0,-0.9958652367466073,1.0,-0.8770052393909072,-0.8544578510965268
-0.9470209862052538,1.0,-1.0,-1.0,1.0,-0.9506142635563274,-0.9177871443753722
-1.0,0.8118760691159086,-1.0,-0.9525958980661643,1.0,-0.9274830624002471,-0.9783975498513436
-0.8563941387367806,1.0,-1.0,-0.9614612985551133,0.9911603420643931,-0.9797009009447524,-0.9230715605216309
-0.9376384988534512,0.9628376823474089,-0.933845135438251,-1.0,0.8519142111640201,-1.0,-0.9188626053820319
-0.8992015507857997,0.9022686045158632,-0.90532818756851,-1.0,1.0,-0.9784794789812279,-1.0
-1.0,1.0,-0.9914001319453561,-1.0,0.923151814479881,-1.0,-1.0
-1.0,0.9392437945566531,-1.0,-0.8898314247406387,0.9120502489629914,-0.8358461643234564,-1.0
-0.9367680650792207,0.9716387136280459,-0.9988807943884539,-0.9891932642641303,1.0,-1.0,-1.0
-1.0,1.0,-0.9706265141499022,-0.9801483430405531,0.9435737417852502,-1.0,-1.0
-1.0,1.0,-0.9991248780471291,-0.9499901237208962,1.0,-1.0,-0.9926585619848548
-0.9631163337440387,0.9002454748477414,-1.0,-1.0,1.0,-1.0,-0.9289073139006642
-0.9324748870541057,0.8746172895816663,-0.9256675637358545,-0.9539801672390932,0.9893088371297094,-1.0,-1.0
-1.0,0.9823749093071448,-1.0,-0.9379899962761472,0.9242836487755731,-0.9315059672449869,-0.9979408975814456
-1.0,0.8699104662183446,-0.9517428872834947,-0.9590860228338957,0.9806968498004837,-0.9683499001038977,-0.9579107043596112
-1.0,1.0,-1.0,-1.0,1.0,-1.0,-1.0
-1.0,1.0,-1.0,-0.9719100195752788,0.9912960226489356,-1.0,-0.9850949470965173
-0.9225327733109605,0.9523048294841739,-0.9385655106862668,-1.0,1.0,-0.9737570746543919,-1.0
-0.9744039799604426,0.9703424693412147,-0.9969265769935869,-1.0,1.0,-1.0,-1.0
-1.0,0.9309437085311818,-1.0,-1.0,0.9880029114386583,-1.0,-1.0
-0.9899295029384139,1.0,-0.9239391756668391,-1.0,1.0,-1.0,-1.0
-1.0,1.0,-1.0,-0.9483833409231529,1.0,-0.9615597859883692,-1.0
-0.9424102633111493,1.0,-1.0,-0.9123883088146125,0.9376986355554642,-1.0,-0.9843913008459896
-0.9295230382120632,0.9449376620603661,-1.0,-1.0,1.0,-0.9719085803918615,-1.0
-0.9038131329752203,1.0,-0.9647302942659465,-1.0,1.0,-0.9860758430607013,-0.9749943292386589
-0.9967698420947523,1.0,-1.0,-0.9931985594003966,0.9164007911861962,-0.9658946993025701,-0.999349832005389
-0.9820452373610693,0.8776601577282616,-0.9617176881097875,-0.9936791110964726,1.0,-0.9885329574954647,-0.9643890706305908
-1.0,0.8026328650586704,-0.8571009133259928,-0.97540125961701,0.9723141554825203,-1.0,-0.8569015009115866
-1.0,0.9604269279975325,-0.9948104710608984,-0.9906110175915764,0.9156208066287326,-1.0,-1.0
-0.9759653175909896,1.0,-0.9192777245971047,-0.9342274085516382,1.0,-0.8762108081163478,-0.9047780808511374
-0.8568231130684073,0.9104238208197413,-0.9830277984438751,-1.0,0.9775133257273705,-1.0,-0.919427292715495
-0.9789301226226641,1.0,-1.0,-0.953895063869381,1.0,-1.0,-1.0
-1.0,1.0,-1.0,-0.9523022100213024,1.0,-0.9697668270442782,-1.0
-1.0,1.0,-0.9291289968638914,-0.8242872308242659,0.8315105705259982,-1.0,-0.9997466173353748
-1.0,1.0,-0.9389490891585427,-0.8439282040705662,0.9360987779909323,-0.9648072648697015,-0.9959644841251295
-1.0,1.0,-1.0,-1.0,1.0,-1.0,-0.9348666757966725
-1.0,0.8630554892555757,-1.0,-1.0,0.9526867683444805,-1.0,-0.9741692024409708
-1.0,1.0,-0.9734235564716482,-1.0,0.9060204856176206,-0.9898608065821373,-0.867572290882701
-0.929170745341963,0.8919300237350142,-0.7823257198809349,-1.0,0.903604483148456,-0.7717059589731093,-0.9216591411154299
-1.0,1.0,-1.0,-1.0,0.9807332266254013,-1.0,-0.9562995307414185
-1.0,1.0,-1.0,-1.0,0.9179708787268048,-0.9592880533434829,-1.0
-0.9661342843074789,0.9773108263316905,-1.0,-1.0,0.906810098308256,-0.9887293019414964,-0.932079382308436
-0.8601697283598958,1.0,-0.9446839164591239,-0.9660676663139255,0.9440203177794124,-0.9944497628947242,-0.9606199548582314
-1.0,1.0,-1.0,-1.0,0.9214567659063087,-0.9646922531921815,-0.9304709704732198
-1.0,1.0,-0.8756678516798879,-0.979867023380501,0.931042477937322,-1.0,-1.0
-1.0,0.8843140353926188,-0.9590659805962408,-0.9832908776276482,1.0,-0.9596764311815277,-0.9717657860522999
-0.9620956630271869,1.0,-1.0,-1.0,0.9626179743712701,-0.9415061079531406,-1.0
-0.9293031531593205,1.0,-0.9033943872214396,-1.0,1.0,-0.9868144149667291,-1.0
-0.8479090975567084,1.0,-0.8993376894706774,-1.0,0.8809095834952667,-1.0,-1.0
-0.9129772860492928,1.0,-1.0,-1.0,0.9078005851437887,-1.0,-0.8836043877195955
-0.8869064385291308,0.9761201851922453,-1.0,-1.0,0.7691183804238994,-0.9724161022943381,-0.959903676764744
-0.9429513760170393,0.9636421268531072,-1.0,-0.9620334942426922,0.881679123907196,-1.0,-0.9734873639062492
-1.0,1.0,-0.999050206607753,-1.0,0.8980711149548242,-0.914605864150612,-0.8200428315318209
-0.9667273781085867,1.0,-0.9728036939136752,-1.0,1.0,-0.9887863291302326,-1.0
-0.9748131480019762,1.0,-1.0,-1.0,0.9686521138345245,-1.0,-1.0
-0.9309952918927767,1.0,-1.0,-0.9792184985765875,1.0,-0.9514486672775664,-0.944768995393618
-1.0,0.9363387652219579,-1.0,-0.932196689158964,1.0,-0.9805345070085992,-1.0
-0.9708171047243466,1.0,-0.9693913633408692,-1.0,0.9584056984201661,-0.896941666032896,-1.0
-0.955067122910087,1.0,-1.0,-1.0,0.8927816614147817,-0.9802995931731099,-0.9749855108125426
-0.8915644851066695,1.0,-0.924628295413078,-1.0,0.9635727078032881,-0.9670580846204933,-0.9709251594838979
-0.9493856540708038,0.961058906047407,-0.9570895959226975,-1.0,1.0,-0.9656116437403066,-0.9749288627580327
-1.0,1.0,-1.0,-0.9544269714532927,0.9779596598343956,-1.0,-1.0
-0.925317342005248,0.9360788380148263,-1.0,-0.9971620657505165,0.9928630750564117,-0.9664823773652899,-1.0
-0.9022025552495972,0.9771039791928424,-0.9286457686690351,-0.9502119670443052,1.0,-0.9589688775845365,-0.9255143074212887
-1.0,0.9249693112455297,-0.9868334415887144,-1.0,0.9117300961814958,-0.9406282535240122,-1.0
-0.937415871996502,0.9809366313258802,-1.0,-0.9864035935689942,0.9133923245451034,-1.0,-0.9004670516099348
-1.0,1.0,-0.9197606211861953,-1.0,0.960548808120598,-0.9952747676209935,-1.0
-0.9871084267117486,0.932255949296343,-1.0,-1.0,0.890051736255309,-1.0,-1.0
-0.9867032202178291,0.9570580058742315,-0.9628472261578664,-1.0,0.9593944049659212,-0.9415735388028071,-1.0
-1.0,0.9302704494370346,-1.0,-1.0,1.0,-1.0,-1.0
-0.9725075772250797,1.0,-0.957644367137016,-0.8915886000503561,1.0,-1.0,-0.8397782463935681
-1.0,1.0,-1.0,-1.0,0.9845737877404862,-1.0,-0.9575521127129316
-1.0,0.8768419921546469,-1.0,-1.0,1.0,-0.9280673317344499,-1.0
-0.9276591718034843,1.0,-1.0,-0.8672564359307633,1.0,-0.954290252977496,-1.0
-0.913023781312887,1.0,-0.9805122860935979,-0.94602812351687,0.9035660674123339,-0.959323215952463,-0.9084973035110856
-0.9281809589781251,0.986210026208915,-1.0,-0.9493713952774017,0.985216477113682,-1.0,-0.9533871544606218
-0.9501505922100657,1.0,-0.9822035882713683,-0.9837877617138372,1.0,-0.9744439374836814,-0.9709752396866251
-0.8587512785471314,1.0,-1.0,-1.0,1.0,-1.0,-1.0
-0.9109246569157495,1.0,-1.0,-0.9651670212026984,0.9404178326312663,-0.9947622827676961,-1.0
-0.9915816651074187,0.9656662737658521,-1.0,-0.9042013091656167,1.0,-1.0,-0.8462416249873088
-1.0,0.9134244924564852,-0.9717208527543211,-0.7556151082743833,0.9424214053407136,-1.0,-0.9006663683799786
-0.9721574606930385,0.9954774018656927,-0.9926108589168835,-0.8317735565056514,1.0,-0.877980840591471,-1.0
-0.9435017029365694,0.7890530508069172,-0.9958910898641314,-1.0,1.0,-0.9507513277892784,-0.9450873788408221
-1.0,1.0,-1.0,-0.9481975145229615,1.0,-0.9437181056020664,-1.0
-0.9504895064976103,0.9350855773152705,-1.0,-0.9787205131878121,0.8822464319964561,-0.9455619794417227,-0.9157537372767653
-1.0,1.0,-0.9129289281346378,-0.9604204480130395,1.0,-0.9660651468550737,-1.0
-0.9051506888460673,0.767800022417538,-0.8601899426377659,-1.0,1.0,-1.0,-0.9100536421611063
-1.0,0.9900493966020494,-1.0,-1.0,1.0,-1.0,-1.0
-0.9827678659339225,1.0,-0.9758078974142573,-1.0,0.9323600399162831,-1.0,-0.9350546856598525
-0.9178687929060465,1.0,-1.0,-0.8179350396174481,1.0,-1.0,-1.0
-1.0,1.0,-0.9678988541110719,-1.0,1.0,-0.7043195301009589,-1.0
-0.9874325588937015,1.0,-0.9437869083699507,-1.0,0.9706453561754657,-0.9130382104751801,-1.0
-0.9061825076710737,0.9248370281191914,-0.978699196936797,-1.0,1.0,-1.0,-0.9824849980212382
-1.0,0.9375047015629332,-0.9717468685208431,-0.983080325516556,0.9474063288032546,-0.933425837994739,-1.0
-1.0,0.9479077060989917,-1.0,-1.0,1.0,-1.0,-0.9171873886438034
-0.9186985814733559,0.9157925619955879,-0.9866753231237662,-0.9080954830178933,1.0,-0.9875838272832116,-0.9146208733849892
-0.9967906872125744,1.0,-1.0,-0.9747840303044509,0.8564170931772729,-0.9385944028716773,-1.0
-1.0,0.9240568425881033,-0.9943933103337611,-1.0,0.9217178595879449,-0.9637240209060833,-0.9215331859435332
-1.0,1.0,-0.9930553268068552,-0.8669814227031575,1.0,-0.9827315940171872,-0.947386835230479
-1.0,1.0,-0.8526606055859849,-1.0,1.0,-1.0,-0.92627952838077
-1.0,0.9675312617195216,-0.9854609794110792,-0.8339710397507268,1.0,-0.9186312873051904,-1.0
-0.9786366424567966,0.958997854465167,-1.0,-0.9391282563951914,0.8931157238573068,-1.0,-1.0
-0.9553261911360205,0.9581671869326868,-1.0,-1.0,0.7986380955606601,-1.0,-1.0
-1.0,0.9827415232677724,-0.9570875908831997,-1.0,0.9973808153944336,-1.0,-1.0
-0.998212619577915,0.966433239945589,-0.9708082951064178,-0.9948435248410866,0.9685432364692586,-0.9010621791042095,-0.9218548349678641
-1.0,1.0,-1.0,-0.917899844902492,0.9647770091336867,-1.0,-1.0
-0.9782721073347043,1.0,-1.0,-0.8907762202613462,1.0,-1.0,-1.0
-0.950255145605275,0.7911620194295605,-0.8441287684360641,-0.9628159739579547,0.7894004084072721,-1.0,-0.9792704121739877
-1.0,1.0,-0.902490129472818,-1.0,1.0,-0.998274458129756,-1.0
-0.9333090934313175,0.9833628286105884,-0.92917778423094,-0.9635767362458467,0.8972508542211208,-0.8963320165996467,-0.9094874021343714
-1.0,0.9524548617453132,-1.0,-1.0,0.9657058765823869,-0.9311756285671864,-0.9955647950435623
-0.9995921749163786,1.0,-0.8773776642959096,-0.9217460688452737,1.0,-0.9973971519363286,-0.9975876367993399
-0.9965319088888578,1.0,-0.9994971303413305,-1.0,1.0,-1.0,-1.0
-0.9646988600568308,0.960175186808703,-1.0,-1.0,1.0,-0.9629545958794468,-1.0
-0.8168545306091851,0.997699730640955,-0.877346324336748,-0.9055240958091983,1.0,-0.9537883836955787,-0.9834064264016762
-0.9565626924634183,1.0,-0.9808357681306069,-1.0,1.0,-0.9301526535036442,-0.9963349466329172
-0.9299591348627646,1.0,-0.9304021910551702,-0.9861940314250107,1.0,-1.0,-0.9741064037890427
-0.9350893197443587,1.0,-1.0,-1.0,1.0,-0.9881047069765182,-0.9835869081474946
-1.0,0.952703145827425,-1.0,-0.9934960180887072,1.0,-0.982201354525625,-1.0
-0.9881250369165617,1.0,-0.8446975106437739,-1.0,0.9877439162306821,-0.9448453689571027,-1.0
-1.0,1.0,-1.0,-0.9239484107409995,0.9606627243522601,-1.0,-0.9784402384245052
-0.9704174509585985,0.9006787446752731,-1.0,-1.0,0.9831972363841587,-0.9956574066025108,-0.9852145667716449
-0.9788140072777414,0.9558993738017524,-0.9550948623704058,-1.0,0.9058749069766897,-0.9984971180831487,-0.9936356767508567
-1.0,0.8848229050999932,-1.0,-0.9844603431133032,1.0,-0.996042331322979,-0.866885357607557
-0.9201339031733782,1.0,-1.0,-1.0,1.0,-0.9657736721303939,-0.9929503994101315
-0.9834638806336999,0.9966662742340691,-1.0,-0.946277814216208,1.0,-1.0,-0.9717027756859062
-0.9856259848315087,0.8872205306509706,-0.9157920465204498,-0.9578236704920696,0.9567377449537006,-0.9878287693781819,-0.9631958228602064
-1.0,1.0,-0.9411696247553168,-1.0,0.9242608865132353,-0.8885399265009156,-1.0
-0.9279076648067615,0.9883596087903632,-0.8704081351566133,-1.0,1.0,-0.8862499580141074,-0.9123726063974806
-1.0,0.9432543863604568,-1.0,-1.0,1.0,-0.9284228235042573,-1.0
-1.0,1.0,-0.8891453637655675,-0.9618601108888863,0.9997964577884342,-0.8520489572659651,-1.0
-0.9822282551987451,1.0,-0.9167892075715303,-1.0,1.0,-1.0,-0.9614150445094155
-0.7892758095181224,1.0,-1.0,-0.847736420179252,1.0,-0.9872276639230436,-1.0
-1.0,1.0,-0.9262924671410889,-1.0,0.9465129608885711,-0.8959046790632087,-0.9357715753781487
-1.0,1.0,-1.0,-0.9725810766314742,0.9196119833043874,-1.0,-1.0
-0.9746540089238667,1.0,-0.9897474458211423,-1.0,1.0,-0.9204313515424963,-0.9164525171646142
-1.0,1.0,-0.9487984963543259,-0.8954012907153365,1.0,-1.0,-1.0
-1.0,0.9211003504930549,-0.8943501358801971,-0.886435401655698,1.0,-0.9015786047674927,-1.0
-0.843200617180885,1.0,-0.999980612481647,-1.0,1.0,-1.0,-0.9932240412840249
-0.9712783052939009,0.9525506414742768,-1.0,-0.9775578256635801,1.0,-1.0,-1.0
-1.0,1.0,-0.8515011270699941,-1.0,1.0,-0.8934694343282663,-1.0
-0.9626759251918126,0.9363720433059409,-0.9710060984980321,-1.0,1.0,-1.0,-0.9479967515334562
-0.9748425613992008,1.0,-1.0,-0.9666149181472672,1.0,-0.998678931112544,-0.9377033270605969
-0.9988968830314606,0.8334353400059544,-0.9900351358835793,-1.0,1.0,-1.0,-0.9920388027178911
-0.9849200969986803,1.0,-1.0,-1.0,0.9811890767063753,-1.0,-0.9932782830816902
-1.0,1.0,-0.9727711823499404,-0.8620582988595721,0.9317877386374473,-0.9722593827294733,-0.9031073446117028
-1.0,1.0,-1.0,-0.9004120613666429,1.0,-0.9087085977241687,-1.0
-0.8798283677316374,1.0,-0.938086428113794,-0.9772930027343306,1.0,-0.9179408353480232,-0.990320845049447
-0.9674013386112221,0.8480785894623726,-0.8494469185438178,-1.0,0.9754579676982954,-1.0,-0.9828881524465958
-0.9889836332505603,0.8991671406392425,-1.0,-0.9928249394048337,1.0,-0.939630621475639,-1.0
-0.9111095012208942,0.7484472052687903,-0.8812825887697554,-0.8737336675146471,1.0,-0.9682382650160304,-1.0
-0.8624395535332864,0.9558025403046432,-0.9084591784103259,-0.9290545490974916,0.9832792925586131,-0.933155089266315,-0.9859964012071758
-0.8572881679130587,1.0,-0.9597372116575558,-1.0,0.9604132811223746,-0.8516692754772432,-0.9665279562484044
-0.9810401728410001,0.9869518079966262,-1.0,-1.0,0.9121008265625059,-0.9628092222569784,-1.0
-0.8938971442932432,1.0,-0.9286887975733873,-1.0,0.9760790679945742,-1.0,-1.0
-1.0,0.9485115090785408,-1.0,-0.9440543652081054,0.8472170369131685,-1.0,-0.9494470000987765
-1.0,1.0,-1.0,-0.9890999833176709,0.9437476293484174,-0.8572166810004754,-0.9130307668901603
-0.9820529409285128,0.9481055848032102,-1.0,-0.9312384095928927,0.9241433961088112,-0.9312045105672989,-0.937648479696076
-1.0,1.0,-1.0,-1.0,1.0,-0.9644320233250399,-1.0
-1.0,1.0,-1.0,-1.0,1.0,-1.0,-1.0
-0.9867372768590802,0.8730634257492452,-0.975138024471212,-0.8785215426753393,1.0,-1.0,-0.9454583157232681
-0.9310529282276828,0.8995880751813563,-0.9649787710827302,-0.9986993657013152,0.9798988338461099,-0.9631177123143349,-0.9477255662157924
-0.9812607998719239,1.0,-0.9612499233466834,-0.8884366096009816,0.9388972200390459,-1.0,-1.0
-0.9938245406254904,1.0,-0.9144045292228163,-1.0,0.9489063728257928,-1.0,-0.927306137851386
-0.9996860711631753,0.9130574346468197,-1.0,-0.9303444715909048,1.0,-1.0,-0.9416655561024243
-1.0,0.9823885893645892,-0.8942874246879311,-0.9718508685140369,1.0,-1.0,-0.9731144812425676
-0.988972414853895,0.9908163779357207,-1.0,-1.0,1.0,-1.0,-1.0
-1.0,1.0,-0.9686168170179869,-1.0,1.0,-1.0,-1.0
-0.9704045071005052,0.9745998688667492,-0.9657462258972425,-1.0,1.0,-0.9234575849683913,-1.0
-0.8815755860304477,0.9695635482016107,-0.9861948857621694,-1.0,0.9799208665087413,-0.9815799703592942,-1.0
-0.8984327236606622,1.0,-1.0,-0.9640167734708346,1.0,-1.0,-1.0
-0.9467299348264995,0.9849407037811118,-0.9925430968782929,-0.9905481413254529,0.9988298369158014,-0.991597380568885,-0.9247740463290333
-0.9680649812070895,0.8945638143571661,-0.9661728395043964,-0.9786212295146993,1.0,-1.0,-1.0
-1.0,0.916182419460482,-0.9416255974485379,-1.0,0.9684132721333129,-1.0,-0.9297220758627847
-0.9088512309919276,0.9547281578077023,-1.0,-1.0,1.0,-1.0,-1.0
-0.9265417485246651,0.9383631122508403,-0.9929759343128024,-1.0,1.0,-0.9742249268120846,-0.9545449562061551
-0.9441137240894295,0.9382081384459334,-0.97955580820126,-0.9607105613360195,1.0,-0.9366746767024907,-0.985126814873609
-0.9773723043174815,0.9652562188653899,-0.9560302219664903,-1.0,0.9209750397548186,-1.0,-0.8509775270447314
-1.0,1.0,-1.0,-0.8670000760087222,0.8441123098507297,-1.0,-1.0
-0.9259971152056343,1.0,-0.8934716523263838,-0.8990408334728668,0.9536522417611756,-1.0,-0.9487214095102638
-0.9279337715208855,0.9597638768525878,-1.0,-1.0,1.0,-1.0,-0.9224244044559625
-0.920722258588873,1.0,-0.9870457661545677,-0.9942488424706017,0.8850967959478978,-1.0,-1.0
-0.9965983406998313,1.0,-1.0,-0.9820479675755045,1.0,-1.0,-1.0
-0.8164493273897186,0.947444977524502,-0.8322498796438194,-1.0,1.0,-1.0,-1.0
-0.7980137278758548,1.0,-0.8558767908274263,-0.9935011193380653,1.0,-1.0,-1.0
-0.9492667161479132,1.0,-0.9583670264730852,-1.0,1.0,-0.926313943612461,-1.0
-0.885800183280399,0.8709989235552683,-1.0,-1.0,1.0,-0.960947849708135,-1.0
-1.0,1.0,-1.0,-0.9049387100768259,0.8798999782934432,-1.0,-1.0
-0.9976391929719985,0.8759068228761819,-0.9534230547668157,-0.8458696652459524,1.0,-1.0,-1.0
-0.9082127476757456,0.9317048714149273,-1.0,-1.0,1.0,-0.924656760884189,-1.0
-0.8356426140731887,1.0,-0.9621072517446193,-0.9323419061428477,0.9131155633924342,-0.961363660292897,-1.0
-0.9464507092911607,1.0,-0.8484187517746533,-0.9766550200376295,0.877381756266699,-1.0,-0.7727766213752771
-1.0,1.0,-0.8632402478361066,-0.8747486887012916,-0.8721708334719529,-0.9146927007450658,-1.0
-0.9663631165670529,1.0,-1.0,-0.9683937633640968,1.0,-0.9967042482788109,-0.945517194044015
-1.0,0.928755784429194,-0.9873794334859947,-0.9334682551411658,1.0,-1.0,-1.0
-1.0,1.0,-1.0,-1.0,1.0,-1.0,-1.0
-1.0,0.893109621366202,-1.0,-0.8458975627752205,1.0,-0.989276362509371,-0.9811203265801918
-0.986931324792053,1.0,-1.0,-0.953597920338081,1.0,-0.8934995882610058,-0.9598970847596339
-0.9734530643269913,1.0,-0.9435108907316313,-0.8644343355648767,0.9678654329352521,-0.9103995396683877,-1.0
-0.9779302485611886,1.0,-1.0,-0.9268848009869222,0.9843935642813477,-1.0,-1.0
-1.0,0.8537756822821367,-0.9438958088447046,-1.0,0.8352120788205898,-0.965888470404201,-0.9750448073496476
-1.0,0.8783786734858119,-1.0,-1.0,0.967183078147765,-0.9818526063788915,-1.0
-1.0,0.9309621720763932,-1.0,-0.9152421276012531,0.9393574943440619,-0.9675435851008548,-1.0
-0.9516782675398469,1.0,-0.9356738457065994,-1.0,1.0,-0.9617008214706345,-0.9935605224566179
-1.0,0.9690774366503517,-0.9554986464604995,-0.9680302530173945,1.0,-1.0,-1.0
-1.0,1.0,-0.9919021797647988,-0.9686191665568146,1.0,-0.8693234466606344,-0.9790127360051523
-1.0,1.0,-0.9611960579533432,-1.0,0.85676669045306,-1.0,-0.9584406296122799
-1.0,1.0,-0.9298804266576736,-1.0,1.0,-0.9514078598650495,-0.9618518072069132
-1.0,0.9606608571119873,-0.9629158400462563,-0.9715521923964611,0.977965640171722,-0.9483988726517611,-0.9617861665742988
-0.9484209516576833,0.9597365215947933,-0.965968878180287,-1.0,1.0,-0.9702782523658876,-0.9641463627808092
-1.0,0.9568226737350625,-1.0,-1.0,0.9453671417315067,-0.9836706132197683,-0.8154500696800299
-0.9765447127161341,0.9582708683115178,-0.9749040695432458,-1.0,1.0,-0.9393167635828791,-1.0
-0.9977491828234847,0.9751782733317752,-0.9734936022608414,-1.0,0.9335167800167078,-1.0,-0.9902811918459232
-0.999743625255936,0.9605762595169869,-0.950678979420251,-1.0,1.0,-1.0,-0.972188865941736
-1.0,1.0,-1.0,-1.0,1.0,-1.0,-1.0
-1.0,0.9450532584990832,-1.0,-0.9507554909899363,0.9614507057580313,-0.8729580734729785,-0.9615751430362336
-0.8815082755627511,1.0,-0.9799570203239361,-0.9931271094945414,0.9826759268267701,-1.0,-0.9907241915164937
-1.0,0.9989087264733982,-1.0,-1.0,0.9659325073658499,-0.9764658647891068,-0.9802153627287274
-1.0,1.0,-0.9312344403379744,-1.0,0.8893210385872693,-0.9591680683018433,-0.9845536209352238
-1.0,0.9034008898146075,-0.9942321339239214,-0.9977946128055577,0.9929859730035214,-1.0,-1.0
-1.0,0.9638070640199686,-0.8805598628337418,-0.9995115450071844,0.9853288801826307,-0.9453818143832108,-0.9467256053757288
-1.0,1.0,-0.9445183513727047,-1.0,0.9706111172825406,-1.0,-1.0
-1.0,1.0,-0.9682062285124493,-1.0,1.0,-1.0,-0.9983043885990337
-0.984319442953578,0.9278690503202425,-1.0,-1.0,0.9799636447538427,-1.0,-1.0
-1.0,0.9216966390414002,-1.0,-0.9657124574416877,0.9536092538808352,-1.0,-0.9656159739950118
-0.9675057034330464,1.0,-0.9168174764041732,-0.9681504428143523,0.9786790367460625,-1.0,-0.9823807231636278
-0.966497977022139,0.9624527934680455,-1.0,-0.973792526396684,0.94440628836884,-0.966968439074091,-1.0
-1.0,1.0,-0.9668686134851833,-0.9492700129078158,0.997193206489863,-0.9973232951944863,-1.0
-0.9697786729988929,0.9467130848161844,-1.0,-0.963336084367254,0.8833492909593444,-1.0,-1.0
-1.0,0.9771628161662821,-0.9701844865151793,-0.9527471002917413,0.9471369808387955,-1.0,-0.9817482609855722
-0.8075058705284663,0.9913007490690408,-0.8869433880592119,-0.7431222784616798,1.0,-1.0,-0.9467483340573308
-0.9496509810137668,0.8757491023526018,-1.0,-0.9874016621870866,0.8249660524023199,-0.9887738243506021,-1.0
-1.0,0.8479029315178765,-0.9139039734369032,-1.0,0.9995246973382983,-0.9902707779918506,-1.0
-1.0,1.0,-1.0,-0.9103079386652035,1.0,-1.0,-1.0
-1.0,1.0,-0.8093645302967668,-0.9550009848748218,0.9574490830992435,-1.0,-0.9952696035701677
-1.0,0.9736413360018747,-0.9991509030491782,-0.9760418027076736,0.8305313689363132,-1.0,-1.0
-0.975599557487878,0.8551791675477465,-0.978245167636743,-0.9166717544154771,1.0,-0.9644203796004918,-1.0
-1.0,0.7961383535665825,-1.0,-0.9681978845194367,1.0,-1.0,-1.0
-0.9670447928373895,1.0,-0.9772313892681576,-0.9218939734029034,1.0,-0.9797925801573106,-1.0
-0.9553015889646929,0.8301102459984029,-1.0,-1.0,1.0,-0.9637535835472507,-0.9732136942215014
-0.9469059959230596,0.8267265948519753,-1.0,-1.0,0.8504972119418638,-0.9564026474154034,-1.0
-1.0,1.0,-0.9615485593480919,-1.0,1.0,-0.9049010554728256,-0.9826603530793163
-1.0,1.0,-1.0,-1.0,1.0,-1.0,-0.9148991064943838
-1.0,0.9777113157677952,-1.0,-0.8993120241526069,1.0,-0.951653944320344,-0.9749323020884292
-1.0,0.9981036467747737,-1.0,-1.0,1.0,-0.9941611487455384,-0.9281204663260355
-0.9992372580289912,0.9037312145046948,-1.0,-0.9631984240370612,0.962731508545307,-1.0,-1.0
-1.0,1.0,-1.0,-1.0,0.990548918958322,-0.9727295910733549,-1.0
-0.9829563651753032,0.9490384075467205,-0.9565764058496405,-1.0,0.8808789299002827,-0.8936727803175,-0.9767839885854956
-0.9879061663724246,1.0,-1.0,-0.9656404386184878,1.0,-1.0,-0.9316519446736835
-0.9098487068465082,0.9826871960269056,-0.8967779227498407,-0.9607536963024081,0.9617076812185977,-0.9484011949965033,-1.0
-1.0,0.8828806763283481,-0.9138654085937243,-0.8983212800342026,0.9973618191158503,-1.0,-0.962288598765225
-0.9249059675260569,1.0,-0.9720634444265255,-0.9739334800864351,0.922540236542054,-0.7760578857428735,-1.0
-0.9554791499688416,1.0,-1.0,-1.0,1.0,-0.9630347619385893,-0.9718628477578221
-1.0,1.0,-1.0,-1.0,1.0,-1.0,-1.0
-0.9812898795503965,0.9315247933287614,-0.9834981984687635,-0.9795635395544486,0.95082310770518,-1.0,-1.0
-0.9377382412153714,0.9736994934155168,-0.970546203335815,-0.8337434725528585,0.8986675776104186,-1.0,-1.0
-0.9982697097860169,0.8941479128975465,-0.9713409331837853,-1.0,1.0,-1.0,-0.9126778817921322
-1.0,1.0,-0.9641164614150244,-0.837943959899833,0.9768294104824078,-1.0,-0.9909096496421185
-1.0,0.9762246070862419,-0.8791666555177642,-0.9966061932522974,0.8704099341075732,-1.0,-1.0
-0.947729799126649,1.0,-1.0,-1.0,0.8885534658609928,-0.9969134739874056,-1.0
-0.9311120919154694,0.9904515801785844,-1.0,-1.0,0.8553975366840466,-0.9751408406171329,-1.0
-0.9731941769073451,0.984331517079246,-0.9913446170079591,-1.0,0.948893774703702,-1.0,-1.0
-1.0,1.0,-0.9699643413174176,-1.0,1.0,-0.9342578613871589,-0.9203342482120431
-1.0,0.958464087280249,-1.0,-0.9855992310271481,0.946458316589762,-0.9869330414813678,-0.95549628073487
-0.9258165925480606,0.9730930694881623,-1.0,-1.0,1.0,-0.8765063784817049,-1.0
-0.9762212899363999,1.0,-0.9974135189822024,-0.9326631346902059,0.9613149585083167,-1.0,-0.9459842427794676
-1.0,0.9206119642197964,-1.0,-1.0,0.9959384185225537,-1.0,-1.0
-1.0,1.0,-0.9523651501675198,-0.9183752483623343,1.0,-0.9820732770617794,-1.0
-1.0,0.8860736167802301,-0.9161508543521591,-1.0,1.0,-1.0,-0.9939547173298359
-0.9895074749345234,1.0,-0.9006240906618788,-1.0,0.9397141013264357,-0.9209734444503924,-0.9542276026767839
-1.0,1.0,-0.9222776174448384,-0.9758368749015184,1.0,-1.0,-0.9218867285897578
-0.939034549220026,1.0,-0.9847202437176977,-0.9931745671822799,0.9628595485321609,-0.9539637519112331,-1.0
-0.9849418278080637,1.0,-1.0,-1.0,0.9447456126613722,-0.9035578969448509,-0.9419627866021516
-1.0,0.9434212063292128,-0.978421370922716,-1.0,0.9086408756733657,-1.0,-0.95757633124572
-1.0,0.9983139399748017,-1.0,-0.99676958859007,1.0,-1.0,-0.9188295405493304
-0.9287361671733,0.9881630900766323,-0.9724749969682691,-0.9837226352516667,1.0,-1.0,-1.0
-0.9153367018085834,1.0,-1.0,-1.0,0.975554378190039,-0.9952472308343077,-1.0
-1.0,1.0,-0.9301116545636305,-1.0,1.0,-0.8937547910779284,-1.0
-1.0,0.9686242975953517,-0.9392714585716893,-1.0,1.0,-0.9338803710984329,-1.0
-0.8140937237135907,1.0,-1.0,-1.0,0.9791426163493243,-1.0,-0.8871380941471262
-0.9859051129637657,1.0,-1.0,-1.0,1.0,-0.9406701542583338,-0.9017706209075727
-1.0,0.865468657283453,-0.9182053626956608,-0.8351268860040845,0.9312748515158864,-0.8590606314060324,-1.0
-1.0,1.0,-1.0,-1.0,1.0,-1.0,-1.0
-1.0,1.0,-1.0,-1.0,0.8787094881041166,-0.9126581672142331,-0.954135178998937
-1.0,1.0,-0.906818310306925,-1.0,1.0,-0.9248229425635817,-0.9685041862740903
-1.0,0.9109495991792087,-0.9589834367323986,-1.0,1.0,-0.8615129517263485,-0.9349138795270373
-0.9477465808610065,0.8878926113767132,-0.9517677512542433,-0.7311131477958084,0.8937247019782216,-0.9399031953323194,-0.9401585817656026
-0.984901153312687,0.9242496334081577,-1.0,-0.9184714579281464,1.0,-0.945608967761862,-0.888704961574039
-0.990526839206265,0.9377492136821323,-1.0,-1.0,0.9680069217809311,-1.0,-1.0
-0.9793599162126684,1.0,-0.8776645517777312,-1.0,1.0,-1.0,-0.8224147409521129
-1.0,0.9439295457003787,-0.82761128201197,-1.0,0.9100504692669467,-1.0,-0.9271857445992652
-0.8628399897486565,1.0,-1.0,-0.9695092228382817,1.0,-1.0,-1.0
-1.0,1.0,-1.0,-0.9813888900917668,1.0,-0.9289949417290916,-1.0
-1.0,1.0,-1.0,-1.0,0.9349380613802729,-1.0,-0.9742092686210595
-0.9844185593070063,1.0,-0.87124991594235,-0.9847167821661283,0.9245509041395197,-0.9307562468614585,-1.0
-0.9794889610400659,0.9268692621925422,-1.0,-0.91595838284596,1.0,-1.0,-0.9741851340489264
-1.0,0.9567634789359561,-1.0,-0.8470877194100312,1.0,-1.0,-1.0
-0.9631933939142877,1.0,-0.9160327220681657,-0.9965104754575915,1.0,-0.9742100483013533,-0.879091855245232
-1.0,0.9958450498172527,-0.892972888466235,-1.0,0.8328952534130576,-1.0,-0.955548625577633
-1.0,1.0,-0.9478732291872857,-1.0,0.905218611519571,-1.0,-1.0
-1.0,0.948841521949042,-0.9561221645403848,-1.0,1.0,-0.9843782140590803,-1.0
-1.0,0.9344717206045062,-0.9653327428035696,-1.0,1.0,-1.0,-1.0
-0.948392420917431,1.0,-1.0,-1.0,0.9270826498390479,-0.8599819900745854,-1.0
-0.9477827366194408,0.937513743849981,-1.0,-0.8963743125605272,1.0,-0.9856977919900318,-1.0
-0.9787243500471962,1.0,-0.9972911403962825,-1.0,1.0,-0.9235621167518355,-0.9376256222831028
-0.8835521134534066,0.9683370997532288,-1.0,-1.0,1.0,-1.0,-1.0
-0.984705647818995,1.0,-0.9535089739932258,-0.8980518601453737,1.0,-0.962558170778339,-0.9183485116212754
-1.0,1.0,-1.0,-1.0,0.9300785991345586,-0.9293986552616008,-0.9738657690249616
-0.9549822602090341,0.9924687026531843,-0.9497081598916195,-0.9733843032601931,0.9469742042581651,-0.9968586104202134,-1.0
-0.9178466022007287,0.8940778362909767,-0.9446265693448566,-0.9229955391676186,0.9763349199348372,-1.0,-0.7848933050950565
-1.0,0.9319811155385868,-0.9871516062683411,-0.9484279772307439,1.0,-0.9456554190548201,-0.9832516867501878
-0.9392974102687943,0.9744259357797594,-1.0,-0.9360146598835954,1.0,-1.0,-0.9984889252802417
-1.0,1.0,-0.9768252370358493,-0.922141448616598,0.9544908030712096,-0.8846924198317937,-1.0
-1.0,0.9343852085542591,-1.0,-0.9157566221378838,0.9037834132598718,-1.0,-1.0
-1.0,1.0,-1.0,-0.8851262858180357,1.0,-1.0,-0.9990501969977202
-0.9648190584763775,0.9015224144170855,-0.9665314554112826,-0.9474590851037626,1.0,-0.9560592544162849,-1.0
-1.0,0.9700353163878291,-1.0,-1.0,1.0,-1.0,-0.9830957381227311
-1.0,1.0,-1.0,-0.9478342714969158,1.0,-1.0,-0.9561920026738286
-0.9962845817705206,0.9535848927552795,-1.0,-1.0,0.8667928413766192,-0.9195737129929897,-1.0
-1.0,1.0,-0.9767538762888683,-1.0,0.9905755287105703,-0.982169796558986,-0.9867328268431363
-1.0,0.935464445580956,-0.9873957151175201,-1.0,0.9742764265981264,-1.0,-0.9578354897275935
-0.9716712790183989,0.9869327708923241,-1.0,-0.829670984142064,0.963623471136329,-1.0,-1.0
-1.0,0.9486420478571229,-0.9939535369029099,-1.0,0.9993485194893592,-0.9309341838431127,-1.0
-1.0,0.9885471145734578,-0.9840848945474525,-1.0,0.8944900210447,-0.9868880043721611,-1.0
-1.0,1.0,-0.8992969187069583,-1.0,1.0,-0.9632703820558579,-1.0
-0.989707183466179,0.9824132829776567,-0.9630670151031783,-1.0,1.0,-1.0,-1.0
-0.9122562142867177,1.0,-1.0,-0.9916429455545738,1.0,-0.9779542654336285,-1.0
-1.0,1.0,-1.0,-1.0,0.9484382164197009,-1.0,-1.0
